<save>
  <level>
    <name>maps/level_test/</name>
    <phase>G</phase>
    <turn>1</turn>
    <entities>
      <foes>
        <entity>
          <name>snake</name>
          <currentHp>4</currentHp>
          <position>
            <x>9</x>
            <y>2</y>
          </position>
          <level>1</level>
          <exp>0</exp>
          <hp>4</hp>
          <strength>2</strength>
          <def>0</def>
          <res>0</res>
          <move>2</move>
        </entity>
        <entity>
          <name>snake</name>
          <currentHp>4</currentHp>
          <position>
            <x>11</x>
            <y>3</y>
          </position>
          <level>2</level>
          <exp>0</exp>
          <hp>4</hp>
          <strength>2</strength>
          <def>0</def>
          <res>0</res>
          <move>2</move>
        </entity>
        <entity>
          <name>fire_eye</name>
          <currentHp>3</currentHp>
          <position>
            <x>15</x>
            <y>4</y>
          </position>
          <level>1</level>
          <exp>0</exp>
          <hp>3</hp>
          <strength>1</strength>
          <def>0</def>
          <res>0</res>
          <move>5</move>
        </entity>
        <entity>
          <name>fire_eye</name>
          <currentHp>3</currentHp>
          <position>
            <x>13</x>
            <y>2</y>
          </position>
          <level>4</level>
          <exp>0</exp>
          <hp>3</hp>
          <strength>1</strength>
          <def>0</def>
          <res>0</res>
          <move>5</move>
        </entity>
        <entity>
          <name>skeleton</name>
          <currentHp>4</currentHp>
          <position>
            <x>10</x>
            <y>6</y>
          </position>
          <level>1</level>
          <exp>0</exp>
          <hp>4</hp>
          <strength>1</strength>
          <def>0</def>
          <res>0</res>
          <move>3</move>
        </entity>
        <entity>
          <name>skeleton</name>
          <currentHp>4</currentHp>
          <position>
            <x>11</x>
            <y>7</y>
          </position>
          <level>3</level>
          <exp>0</exp>
          <hp>4</hp>
          <strength>1</strength>
          <def>0</def>
          <res>0</res>
          <move>3</move>
        </entity>
        <entity>
          <name>simple_statue</name>
          <currentHp>5</currentHp>
          <position>
            <x>15</x>
            <y>8</y>
          </position>
          <level>2</level>
          <exp>0</exp>
          <hp>5</hp>
          <strength>1</strength>
          <def>2</def>
          <res>0</res>
          <move>0</move>
        </entity>
      </foes>
      <breakables>
        <entity>
          <name>1</name>
          <currentHp>5</currentHp>
          <sprite>imgs/dungeon_crawl/dungeon/wall/stone_brick_9.png</sprite>
        </entity>
      </breakables>
      <chests>
        <entity>
          <name>1</name>
          <state>False</state>
        </entity>
        <entity>
          <name>2</name>
          <state>False</state>
        </entity>
      </chests>
      <fountains>
        <entity>
          <name>healer_1</name>
          <times>2</times>
        </entity>
      </fountains>
    </entities>
  </level>
  <team>
    <player>
      <name>john</name>
      <level>3</level>
      <class>warrior</class>
      <exp>0</exp>
      <hp>13</hp>
      <strength>4</strength>
      <defense>2</defense>
      <res>1</res>
      <move>5</move>
      <currentHp>13</currentHp>
      <position>
        <x>96</x>
        <y>96</y>
      </position>
      <inventory>
        <item>
          <name>life_potion</name>
        </item>
        <item>
          <name>key</name>
        </item>
        <item>
          <name>club</name>
        </item>
      </inventory>
      <equipments>
        <equipment>
          <name>gold_helmet</name>
        </equipment>
        <equipment>
          <name>gold_armor</name>
        </equipment>
        <equipment>
          <name>gold_boots</name>
        </equipment>
      </equipments>
    </player>
    <player>
      <name>archer</name>
      <level>1</level>
      <class>ranger</class>
      <exp>0</exp>
      <hp>8</hp>
      <strength>1</strength>
      <defense>1</defense>
      <res>0</res>
      <move>5</move>
      <currentHp>8</currentHp>
      <position>
        <x>48</x>
        <y>48</y>
      </position>
      <inventory>
        <item>
          <name>life_potion</name>
        </item>
        <item>
          <name>basic_bow</name>
        </item>
      </inventory>
      <equipments>
        <equipment>
          <name>plumed_helmet</name>
        </equipment>
        <equipment>
          <name>chainmail</name>
        </equipment>
        <equipment>
          <name>brown_boots</name>
        </equipment>
      </equipments>
    </player>
  </team>
</save>
