<characters>
    <john>
        <name> John </name>
        <class> warrior </class>
        <lvl> 3 </lvl>
        <initStrength> 1 </initStrength>
        <initDef> 0 </initDef>
        <initRes> 0 </initRes>
        <initHP> 10 </initHP>
        <move> 5 </move>
        <sprite> base/human_male.png </sprite>
        <equipment>
            <head>
                gold_helmet
            </head>
            <body>
                gold_armor
            </body>
            <feet>
                gold_boots
            </feet>
        </equipment>
        <inventory>
                <item>
                    life_potion
                </item>
                <item>
                    key
                </item>
                <item>
                    club
                </item>
        </inventory>
    </john>
    <archer>
        <name> Archer </name>
        <class> ranger </class>
        <initStrength> 1 </initStrength>
        <initDef> 1 </initDef>
        <initRes> 0 </initRes>
        <initHP> 8 </initHP>
        <move> 5 </move>
        <sprite> base/human_female.png </sprite>
        <complementSprite> legs/pants_short_brown.png </complementSprite>
        <equipment>
            <head>
                plumed_helmet
            </head>
            <body>
                chainmail
            </body>
            <feet>
                brown_boots
            </feet>
        </equipment>
        <inventory>
                <item>
                    life_potion
                </item>
                <item>
                    basic_bow
                </item>
        </inventory>
    </archer>
</characters>