<items>
    <consumables>
        <potions>
            <life_potion>
                <name>
                    Life Potion
                </name>
                <sprite>
                    potion/ruby_new.png
                </sprite>
                <info>
                    Use it to regen some HP.
                </info>
                <category>
                    potion
                </category>
                <effect>
                    heal
                </effect>
                <power>
                    5
                </power>
                <duration>
                    0
                </duration>
            </life_potion>
            <speed_potion>
                <name>
                    Speed Potion
                </name>
                <sprite>
                    potion/murky.png
                </sprite>
                <info>
                    Use it to boost speed.
                </info>
                <category>
                    potion
                </category>
                <effect>
                    speed
                </effect>
                <power>
                    2
                </power>
                <duration>
                    3
                </duration>
            </speed_potion>
        </potions>
        <key>
            <name>
                Key
            </name>
            <sprite>
                misc/key.png
            </sprite>
            <info>
                Could be used to open some chest.
            </info>
            <category>
                key
            </category>
        </key>
    </consumables>
    <books>
        <green_book>
            <name>
                Green Book
            </name>
            <sprite>
                book/dark_green_new.png
            </sprite>
            <info>
                A beautiful and polished green book...
            </info>
            <category>
                spellbook
            </category>
            <effect>
                poison_trap
            </effect>
        </green_book>
    </books>
    <equipments>
        <weapons>
            <club>
                <name>
                    Club
                </name>
                <sprite>
                    weapon/club_new.png
                </sprite>
                <info>
                    Not a real weapon, but you could hurt someone with.
                </info>
                <category>
                    weapon
                </category>
                <power>
                    1
                </power>
                <range>
                    1
                </range>
                <fragility>
                    10
                </fragility>
                <weight>
                    2
                </weight>
                <equipped_sprite>
                    club_slant.png
                </equipped_sprite>
            </club>
            <basic_bow>
                <name>
                    Wooden Bow
                </name>
                <sprite>
                    weapon/ranged/bow_1.png
                </sprite>
                <info>
                    A simple wooden bow, effective at a short distance.
                </info>
                <category>
                    weapon
                </category>
                 <power>
                    1
                </power>
                <range>
                    2
                </range>
                <fragility>
                    10
                </fragility>
                <weight>
                    2
                </weight>
                <equipped_sprite>
                    bow_2.png
                </equipped_sprite>
            </basic_bow>
        </weapons>
        <plumed_helmet>
            <name>
                Plumed Helmet
            </name>
            <sprite>
                armor/headgear/plumed_helmet.png
            </sprite>
            <info>
                A helmet, with a nice plume.
            </info>
            <category>
                armor
            </category>
            <bodypart>
                head
            </bodypart>
            <def>
                1
            </def>
            <weight>
                2
            </weight>
            <equipped_sprite>
                head/helm_plume.png
            </equipped_sprite>
        </plumed_helmet>
        <gold_helmet>
            <name>
                Gold Helmet
            </name>
            <sprite>
                armor/headgear/helmet_3_old.png
            </sprite>
            <info>
                A full gold helmet... Seems really nice.
            </info>
            <category>
                armor
            </category>
            <bodypart>
                head
            </bodypart>
            <def>
                2
            </def>
            <weight>
                4
            </weight>
            <equipped_sprite>
                head/full_gold.png
            </equipped_sprite>
        </gold_helmet>
        <chainmail>
            <name>
                Chainmail
            </name>
            <sprite>
                armor/torso/chain_mail_3.png
            </sprite>
            <info>
                A basic chainmail... Useful to have a good defense
                and keep an average speed.
            </info>
            <category>
                armor
            </category>
            <bodypart>
                body
            </bodypart>
            <def>
                3
            </def>
            <weight>
                4
            </weight>
            <equipped_sprite>
                body/chainmail_3.png
            </equipped_sprite>
        </chainmail>
        <gold_armor>
            <name>
                Gold Armor
            </name>
            <sprite>
                armor/torso/gold_dragon_armor_new.png
            </sprite>
            <info>
                An armor inspired from a gold dragon.
            </info>
            <category>
                armor
            </category>
            <bodypart>
                body
            </bodypart>
            <def>
                5
            </def>
            <weight>
                6
            </weight>
            <equipped_sprite>
                body/armor_mummy.png
            </equipped_sprite>
        </gold_armor>
         <brown_boots>
            <name>
                Brown Boots
            </name>
            <sprite>
                armor/feet/boots_1_brown_new.png
            </sprite>
            <info>
                Brown boots, most basic boots you can find.
            </info>
            <category>
                armor
            </category>
            <bodypart>
                feet
            </bodypart>
            <def>
                1
            </def>
            <weight>
                1
            </weight>
            <equipped_sprite>
                boots/short_brown_2.png
            </equipped_sprite>
        </brown_boots>
        <gold_boots>
            <name>
                Gold Boots
            </name>
            <sprite>
                armor/feet/boots_iron_2.png
            </sprite>
            <info>
                Beautiful boots with golden style.
            </info>
            <category>
                armor
            </category>
            <bodypart>
                feet
            </bodypart>
            <def>
                2
            </def>
            <weight>
                4
            </weight>
            <equipped_sprite>
                boots/middle_gold.png
            </equipped_sprite>
        </gold_boots>
    </equipments>
</items>